"Rank","Player","Team","Pos","Bye","Best","Worst","Avg","Std Dev","ADP","vs. ADP"
"1","David Johnson","ARI","RB1","8","1","3","1.2","0.4","1.0","0.0"
"2","Le'Veon Bell","PIT","RB2","9","1","3","1.8","0.4","2.0","0.0"
"3","Antonio Brown","PIT","WR1","9","2","7","3.6","0.8","3.0","0.0"
"5","LeSean McCoy","BUF","RB3","6","2","15","5.8","2.6","6.0","+1.0"
"6","Julio Jones","ATL","WR3","5","3","14","5.8","2.2","4.0","-2.0"
"7","Melvin Gordon","LAC","RB4","9","3","19","8.2","3.2","9.0","+2.0"
"8","A.J. Green","CIN","WR4","6","4","16","9.3","2.4","11.0","+3.0"
"9","Mike Evans","TB","WR5","11","3","19","9.4","2.7","7.0","-2.0"
"10","Devonta Freeman","ATL","RB5","5","3","27","9.9","3.4","8.0","-2.0"
"11","Jordy Nelson","GB","WR6","8","5","21","11.4","2.9","13.0","+2.0"
"12","Jay Ajayi","MIA","RB6","11","3","27","12.8","4.1","15.0","+3.0"
"13","Jordan Howard","CHI","RB7","9","6","24","13.0","3.7","14.0","+1.0"
"14","DeMarco Murray","TEN","RB8","8","6","30","13.7","3.8","12.0","-2.0"
"15","Michael Thomas","NO","WR7","5","8","22","14.8","2.9","16.0","+1.0"
"16","Dez Bryant","DAL","WR8","6","10","37","18.2","4.0","18.0","+2.0"
"17","T.Y. Hilton","IND","WR9","11","9","29","18.7","4.1","22.0","+5.0"
"18","Todd Gurley","LAR","RB9","8","10","46","18.9","5.0","20.0","+2.0"
"19","Leonard Fournette","JAC","RB10","8","11","61","20.2","7.7","19.0","0.0"
"20","Amari Cooper","OAK","WR10","10","12","38","22.6","4.7","24.0","+4.0"
"21","Doug Baldwin","SEA","WR11","6","15","53","23.5","6.3","27.0","+6.0"
"22","Rob Gronkowski","NE","TE1","9","10","64","24.9","8.5","21.0","-1.0"
"23","Ezekiel Elliott","DAL","RB11","6","3","62","25.4","11.1","10.0","-13.0"
"24","Lamar Miller","HOU","RB12","7","11","53","25.7","8.1","26.0","+2.0"
"25","Isaiah Crowell","CLE","RB13","9","8","50","26.3","7.3","30.0","+5.0"
"26","DeAndre Hopkins","HOU","WR12","7","17","44","28.6","6.4","29.0","+3.0"
"27","Brandin Cooks","NE","WR13","9","17","55","29.4","8.5","28.0","+1.0"
"28","Demaryius Thomas","DEN","WR14","5","18","63","31.6","8.0","33.0","+5.0"
"30","Marshawn Lynch","OAK","RB14","10","16","116","34.1","16.8","25.0","-5.0"
"31","Carlos Hyde","SF","RB15","11","15","65","34.3","10.1","37.0","+6.0"
"33","Alshon Jeffery","PHI","WR16","10","20","64","36.3","8.4","38.0","+5.0"
"34","Terrelle Pryor","WAS","WR17","5","18","86","36.5","10.4","34.0","0.0"
"35","Tom Brady","NE","QB2","9","8","73","37.8","8.1","23.0","-12.0"
"36","Travis Kelce","KC","TE2","10","21","64","38.5","8.2","35.0","-1.0"
"37","Davante Adams","GB","WR18","8","19","74","39.9","10.5","46.0","+9.0"
"38","Joe Mixon","CIN","RB16","6","14","137","40.8","17.7","36.0","-2.0"
"39","Drew Brees","NO","QB3","5","19","71","41.8","7.0","32.0","-7.0"
"40","Keenan Allen","LAC","WR19","9","19","80","42.1","11.3","42.0","+2.0"
"41","Ty Montgomery","GB","RB17","8","14","152","44.0","17.9","44.0","+3.0"
"42","Michael Crabtree","OAK","WR20","10","28","90","44.1","10.1","51.0","+9.0"
"44","Christian McCaffrey","CAR","RB19","11","24","112","47.1","18.2","31.0","-13.0"
"45","Kareem Hunt","KC","RB20","10","23","88","49.1","15.5","41.0","-4.0"
"46","Sammy Watkins","LAR","WR21","8","22","96","49.9","13.9","45.0","-1.0"
"47","Mark Ingram","NO","RB21","5","23","92","51.0","13.7","53.0","+6.0"
"48","C.J. Anderson","DEN","RB22","5","26","113","51.6","15.2","50.0","+2.0"
"49","Golden Tate","DET","WR22","7","30","95","52.7","13.2","59.0","+10.0"
"50","Greg Olsen","CAR","TE3","11","34","83","53.9","8.4","47.0","-3.0"
"51","Larry Fitzgerald","ARI","WR23","8","26","101","55.5","12.8","69.0","+18.0"
"52","Mike Gillislee","NE","RB23","9","17","110","56.2","16.7","61.0","+9.0"
"53","Tyreek Hill","KC","WR24","10","21","140","56.7","17.5","49.0","-4.0"
"54","Emmanuel Sanders","DEN","WR25","5","32","123","56.9","15.2","62.0","+8.0"
"55","Jordan Reed","WAS","TE4","5","33","110","57.6","15.0","52.0","-3.0"
"56","Martavis Bryant","PIT","WR26","9","25","118","57.9","16.8","57.0","+1.0"
"57","Jarvis Landry","MIA","WR27","11","37","107","59.8","14.0","48.0","-9.0"
"58","Russell Wilson","SEA","QB4","6","24","112","61.3","14.1","58.0","0.0"
"59","Bilal Powell","NYJ","RB24","11","27","115","62.2","18.1","68.0","+9.0"
"60","Matt Ryan","ATL","QB5","5","34","104","62.7","14.2","39.0","-21.0"
"61","Ameer Abdullah","DET","RB25","7","33","120","63.8","14.0","72.0","+11.0"
"62","Julian Edelman","NE","WR28","9","27","123","64.8","14.6","54.0","-8.0"
"63","Frank Gore","IND","RB26","11","22","137","64.9","17.7","75.0","+12.0"
"64","Tevin Coleman","ATL","RB27","5","29","98","64.9","15.8","60.0","-4.0"
"65","Jimmy Graham","SEA","TE5","6","43","124","67.4","12.4","55.0","-10.0"
"66","Jamison Crowder","WAS","WR29","5","39","94","67.9","14.1","86.0","+20.0"
"67","Kelvin Benjamin","CAR","WR30","11","38","110","68.2","16.2","56.0","-11.0"
"68","Andrew Luck","IND","QB6","11","28","125","69.9","18.8","63.0","-5.0"
"69","Stefon Diggs","MIN","WR31","9","32","108","71.9","16.0","71.0","+2.0"
"70","Willie Snead","NO","WR32","5","31","122","72.4","14.6","84.0","+14.0"
"71","Tyler Eifert","CIN","TE6","6","44","108","74.0","12.9","65.0","-6.0"
"72","Eddie Lacy","SEA","RB28","6","28","118","74.1","22.6","77.0","+5.0"
"73","LeGarrette Blount","PHI","RB29","10","30","123","74.2","18.2","64.0","-9.0"
"74","Brandon Marshall","NYG","WR33","8","41","116","75.9","16.8","66.0","-8.0"
"75","Donte Moncrief","IND","WR34","11","43","132","76.8","15.9","88.0","+13.0"
"76","Paul Perkins","NYG","RB30","8","39","207","77.5","22.2","78.0","+2.0"
"77","Adrian Peterson","NO","RB31","5","27","176","78.0","22.6","67.0","-10.0"
"78","Kirk Cousins","WAS","QB7","5","39","130","78.3","17.4","81.0","+3.0"
"79","Danny Woodhead","BAL","RB32","10","26","211","80.1","24.7","85.0","+6.0"
"80","DeSean Jackson","TB","WR35","11","32","132","81.5","15.2","89.0","+9.0"
"81","Marcus Mariota","TEN","QB8","8","42","177","83.6","22.4","82.0","+1.0"
"82","Pierre Garcon","SF","WR36","11","52","228","84.5","23.5","95.0","+13.0"
"83","Jameis Winston","TB","QB9","11","40","164","85.8","20.1","74.0","-9.0"
"84","Kyle Rudolph","MIN","TE7","9","53","126","85.8","14.4","80.0","-4.0"
"85","Doug Martin","TB","RB33","11","46","182","86.5","23.9","79.0","-6.0"
"86","Cam Newton","CAR","QB10","11","39","152","87.0","18.9","73.0","-13.0"
"87","Terrance West","BAL","RB34","10","30","210","86.3","25.3","104.0","+17.0"
"88","Delanie Walker","TEN","TE8","8","56","128","90.8","14.3","70.0","-18.0"
"89","Robert Kelley","WAS","RB35","5","39","152","91.8","23.1","91.0","+2.0"
"90","Eric Decker","TEN","WR37","8","45","145","93.1","18.0","92.0","+2.0"
"91","Ben Roethlisberger","PIT","QB11","9","42","176","94.9","22.7","94.0","+3.0"
"92","Devante Parker","MIA","WR38","11","52","157","95.0","19.6","110.0","+18.0"
"93","Derek Carr","OAK","QB12","10","56","150","95.6","18.8","76.0","-17.0"
"94","Jeremy Maclin","BAL","WR39","10","51","186","94.5","23.1","103.0","+9.0"
"95","Tyrell Williams","LAC","WR40","9","49","230","95.2","24.8","120.0","+25.0"
"96","Derrick Henry","TEN","RB36","8","61","151","97.7","17.7","87.0","-9.0"
"97","Jonathan Stewart","CAR","RB37","11","30","208","97.9","22.6","99.0","+2.0"
"98","Cameron Meredith","CHI","WR41","9","45","189","98.4","22.0","101.0","+3.0"
"99","Zach Ertz","PHI","TE9","10","61","152","99.8","16.2","97.0","-2.0"
"100","Martellus Bennett","GB","TE10","8","70","138","99.8","15.7","83.0","-17.0"
"101","Dak Prescott","DAL","QB13","6","66","174","102.1","17.2","90.0","-11.0"
"102","Kenny Britt","CLE","WR42","9","63","146","102.4","17.5","123.0","+21.0"
"103","Philip Rivers","LAC","QB14","9","56","179","105.2","20.2","112.0","+9.0"
"104","Matthew Stafford","DET","QB15","7","55","175","107.1","20.7","108.0","+4.0"
"105","Matt Forte","NYJ","RB38","11","56","171","107.3","21.6","105.0","0.0"
"106","Eric Ebron","DET","TE11","7","68","145","108.9","16.0","129.0","+23.0"
"107","Theo Riddick","DET","RB39","7","59","144","107.1","16.6","98.0","-9.0"
"108","John Brown","ARI","WR43","8","44","171","108.8","25.3","125.0","+17.0"
"109","Randall Cobb","GB","WR44","8","60","161","109.0","17.5","93.0","-16.0"
"110","Hunter Henry","LAC","TE12","9","64","190","110.3","18.4","102.0","-8.0"
"111","Jordan Matthews","BUF","WR45","6","45","165","110.5","22.7","140.0","+29.0"
"113","Mike Wallace","BAL","WR46","10","68","211","114.3","21.8","141.0","+28.0"
"114","Adam Thielen","MIN","WR47","9","76","162","116.2","17.2","138.0","+24.0"
"115","Corey Coleman","CLE","WR48","9","78","161","116.6","16.2","118.0","+3.0"
"116","Andy Dalton","CIN","QB16","6","66","179","117.5","19.0","146.0","+30.0"
"117","Tyrod Taylor","BUF","QB17","6","54","196","118.4","20.3","139.0","+22.0"
"118","Rishard Matthews","TEN","WR49","8","60","224","119.8","23.4","116.0","-2.0"
"119","Corey Davis","TEN","WR50","8","29","268","121.9","34.3","111.0","-8.0"
"120","Jack Doyle","IND","TE13","11","79","209","120.0","18.5","133.0","+13.0"
"121","Duke Johnson","CLE","RB41","9","76","205","119.7","20.4","130.0","+9.0"
"122","Samaje Perine","WAS","RB42","5","34","267","123.5","33.5","100.0","-22.0"
"123","Eli Manning","NYG","QB18","8","83","193","123.3","17.8","137.0","+14.0"
"124","C.J. Prosise","SEA","RB43","6","88","256","125.2","25.5","121.0","-3.0"
"125","Thomas Rawls","SEA","RB44","6","61","236","124.6","32.7","119.0","-6.0"
"126","Marvin Jones","DET","WR51","7","91","231","127.8","21.6","143.0","+17.0"
"127","Darren McFadden","DAL","RB45","6","49","270","131.5","55.1","128.0","+1.0"
"128","Carson Palmer","ARI","QB19","8","82","188","132.8","16.5","154.0","+26.0"
"129","James White","NE","RB46","9","83","243","133.0","26.2","127.0","-2.0"
"130","Jeremy Hill","CIN","RB47","6","68","222","134.0","31.2","136.0","+6.0"
"131","Jacquizz Rodgers","TB","RB48","11","76","211","135.4","30.1","134.0","+3.0"
"132","Latavius Murray","MIN","RB49","9","61","236","135.2","30.1","106.0","-26.0"
"133","Coby Fleener","NO","TE14","5","89","200","135.5","20.8","160.0","+27.0"
"134","Ted Ginn","NO","WR52","5","95","263","138.9","28.3","152.0","+18.0"
"135","Carson Wentz","PHI","QB20","10","104","194","137.6","18.6","145.0","+10.0"
"136","Denver Broncos","","DST1","5","111","291","146.4","31.7","107.0","-29.0"
"137","Darren Sproles","PHI","RB50","10","69","221","138.9","26.5","155.0","+18.0"
"138","Jamaal Williams","GB","RB51","8","68","214","139.7","32.5","144.0","+6.0"
"139","Seattle Seahawks","","DST2","6","117","210","144.0","17.8","114.0","-25.0"
"140","Sterling Shepard","NYG","WR53","8","91","223","147.4","22.3","149.0","+9.0"
"141","Giovani Bernard","CIN","RB52","6","76","237","144.6","28.2","175.0","+34.0"
"142","Houston Texans","","DST3","7","118","211","146.0","16.8","117.0","-25.0"
"143","Jamaal Charles","DEN","RB53","5","77","221","145.4","24.8","135.0","-8.0"
"144","Jason Witten","DAL","TE15","6","111","200","148.9","22.5","148.0","+4.0"
"145","Blake Bortles","JAC","QB21","8","80","287","146.2","29.6","192.0","+47.0"
"146","Josh Doctson","WAS","WR54","5","102","266","151.3","27.4","172.0","+26.0"
"147","Kansas City Chiefs","","DST4","10","115","212","150.5","17.8","113.0","-34.0"
"148","Austin Hooper","ATL","TE16","5","71","270","153.8","30.9","168.0","+20.0"
"149","Cameron Brate","TB","TE17","11","100","244","153.0","28.1","188.0","+39.0"
"150","Tyler Lockett","SEA","WR55","6","103","231","154.2","22.3","165.0","+15.0"
"151","C.J. Fiedorowicz","HOU","TE18","7","104","256","157.8","31.0","254.0","+103.0"
"152","Zay Jones","BUF","WR56","6","92","271","157.3","34.7","157.0","+5.0"
"153","Kevin White","CHI","WR57","9","95","251","155.8","26.9","167.0","+14.0"
"154","Kenny Stills","MIA","WR58","11","96","258","158.4","27.7","209.0","+55.0"
"155","Breshad Perriman","BAL","WR59","10","102","250","161.1","28.1","191.0","+36.0"
"156","Julius Thomas","MIA","TE19","11","89","238","157.1","28.2","170.0","+14.0"
"157","Minnesota Vikings","","DST5","9","126","213","157.6","17.3","124.0","-33.0"
"158","Robby Anderson","NYJ","WR60","11","98","261","157.0","35.3","194.0","+36.0"
"159","Arizona Cardinals","","DST6","8","122","239","160.8","20.6","122.0","-37.0"
"160","Antonio Gates","LAC","TE20","9","111","255","163.4","23.1","186.0","+26.0"
"161","Joe Flacco","BAL","QB22","10","109","289","165.6","26.3","199.0","+38.0"
"162","J.J. Nelson","ARI","WR61","8","98","262","171.2","31.9","169.0","+7.0"
"163","Robert Woods","LAR","WR62","8","102","292","173.3","36.8","249.0","+86.0"
"164","New England Patriots","","DST7","9","123","214","167.5","18.3","132.0","-32.0"
"165","Justin Tucker","BAL","K1","10","113","292","174.3","25.5","115.0","-50.0"
"166","Marqise Lee","JAC","WR63","8","117","239","172.7","28.0","226.0","+60.0"
"167","Cole Beasley","DAL","WR64","6","118","259","174.9","33.3","164.0","-3.0"
"168","Stephen Gostkowski","NE","K2","9","112","239","169.7","15.6","109.0","-59.0"
"169","Alvin Kamara","NO","RB54","5","92","237","171.2","28.6","210.0","+41.0"
"170","Joe Williams","SF","RB55","11","92","246","171.5","32.7","156.0","-14.0"
"171","Rex Burkhead","NE","RB56","9","106","250","173.0","29.5","177.0","+6.0"
"172","John Ross","CIN","WR65","6","89","272","174.9","31.2","151.0","-21.0"
"173","DeAndre Washington","OAK","RB57","10","101","260","175.1","34.4","201.0","+28.0"
"174","Dion Lewis","NE","RB58","9","104","257","173.2","30.5","182.0","+8.0"
"175","Sam Bradford","MIN","QB23","9","103","291","173.8","27.6","214.0","+39.0"
"176","Taylor Gabriel","ATL","WR66","5","119","247","176.2","24.6","161.0","-15.0"
"177","Jay Cutler","MIA","QB24","11","112","290","172.6","31.7","217.0","+40.0"
"178","Jonathan Williams","BUF","RB59","6","108","275","178.0","35.4","162.0","-16.0"
"179","Chris Thompson","WAS","RB60","5","112","280","180.4","34.1","241.0","+62.0"
"180","Allen Hurns","JAC","WR67","8","98","239","180.4","27.0","213.0","+33.0"
"181","Marlon Mack","IND","RB61","11","127","259","177.5","29.6","173.0","-8.0"
"182","D'Onta Foreman","HOU","RB62","7","112","247","180.5","29.8","196.0","+14.0"
"183","Shane Vereen","NYG","RB63","8","120","269","182.4","36.6","240.0","+57.0"
"184","Kenny Golladay","DET","WR68","7","87","269","184.8","46.3","200.0","+16.0"
"185","O.J. Howard","TB","TE21","11","88","244","179.4","30.6","131.0","-54.0"
"186","Carolina Panthers","","DST8","11","136","218","178.6","18.3","150.0","-36.0"
"187","Alex Smith","KC","QB25","10","106","288","181.2","27.3","181.0","-6.0"
"188","Anquan Boldin","BUF","WR69","6","110","340","181.5","44.4","246.0","+58.0"
"189","Dan Bailey","DAL","K3","6","131","287","180.1","20.2","142.0","-47.0"
"190","Devin Funchess","CAR","WR70","11","113","249","186.9","32.9","253.0","+63.0"
"191","Matt Bryant","ATL","K4","5","125","286","181.0","21.8","126.0","-65.0"
"192","New York Giants","","DST9","8","132","250","182.0","20.6","147.0","-45.0"
"193","Mason Crosby","GB","K5","8","133","285","186.1","21.7","153.0","-40.0"
"194","Charles Sims","TB","RB64","11","128","268","188.6","29.9","205.0","+11.0"
"195","Jalen Richard","OAK","RB65","10","125","275","193.0","32.2","206.0","+11.0"
"196","Jared Cook","OAK","TE22","10","116","261","188.6","27.9","184.0","-12.0"
"197","Mohamed Sanu","ATL","WR71","5","138","281","196.7","33.0","193.0","-4.0"
"198","Los Angeles Rams","","DST10","8","125","262","188.8","23.4","178.0","-20.0"
"199","David Njoku","CLE","TE23","9","108","244","191.9","25.9","220.0","+21.0"
"200","Brian Hoyer","SF","QB26","11","120","319","196.0","34.4","306.0","+106.0"
"201","Mike Williams","LAC","WR72","9","120","281","199.9","45.0","222.0","+21.0"
"202","Jacksonville Jaguars","","DST11","8","142","249","191.9","21.4","171.0","-31.0"
"203","Robert Turbin","IND","RB66","11","120","291","199.0","41.1","244.0","+41.0"
"204","Will Fuller","HOU","WR73","7","116","266","196.0","36.9","252.0","+48.0"
"205","Nelson Agholor","PHI","WR74","10","126","337","198.5","45.2","221.0","+16.0"
"206","Evan Engram","NYG","TE24","8","135","241","192.1","22.6","179.0","-27.0"
"207","Adam Vinatieri","IND","K6","11","138","284","194.2","23.0","166.0","-41.0"
"208","Devontae Booker","DEN","RB67","5","106","266","203.5","38.2","216.0","+8.0"
"209","Charles Clay","BUF","TE25","6","143","312","202.7","33.7","232.0","+23.0"
"210","Zach Miller","CHI","TE26","9","126","291","201.8","35.8","280.0","+70.0"
"211","Dwayne Allen","NE","TE27","9","124","268","200.3","32.1","202.0","-9.0"
"212","Tim Hightower","SF","RB68","11","129","288","206.7","37.2","272.0","+60.0"
"213","Malcolm Mitchell","NE","WR75","9","104","269","198.4","32.4","212.0","-1.0"
"214","Cooper Kupp","LAR","WR76","8","126","277","209.2","39.0","198.0","-16.0"
"215","Baltimore Ravens","","DST12","10","140","249","196.1","19.9","176.0","-39.0"
"216","Tavon Austin","LAR","WR77","8","124","266","205.4","30.3","248.0","+32.0"
"217","Torrey Smith","PHI","WR78","10","116","292","210.3","37.3","299.0","+82.0"
"218","Austin Seferian-Jenkins","NYJ","TE28","11","124","327","201.9","36.2","314.0","+96.0"
"219","Jesse James","PIT","TE29","9","112","264","203.7","28.0","230.0","+11.0"
"220","Deshaun Watson","HOU","QB27","7","125","286","204.6","32.5","174.0","-46.0"
"221","T.J. Yeldon","JAC","RB69","8","131","257","203.5","26.2","208.0","-13.0"
"222","Jerick McKinnon","MIN","RB70","9","137","287","205.6","29.0","279.0","+57.0"
"223","Steven Hauschka","BUF","K7","6","131","288","204.8","28.9","163.0","-60.0"
"224","Cincinnati Bengals","","DST13","6","140","253","208.9","26.7","242.0","+18.0"
"225","James Conner","PIT","RB71","9","129","278","216.2","37.1","207.0","-18.0"
"226","Paul Richardson","SEA","WR79","6","131","296","221.0","39.1","285.0","+59.0"
"227","Pittsburgh Steelers","","DST14","9","144","280","202.9","21.3","180.0","-47.0"
"228","Cairo Santos","KC","K8","10","148","292","206.9","24.3","159.0","-69.0"
"229","Philadelphia Eagles","","DST15","10","145","262","207.0","23.9","197.0","-32.0"
"230","Matt Prater","DET","K9","7","149","290","207.2","25.6","195.0","-35.0"
"231","Chris Conley","KC","WR80","10","139","274","210.8","30.3","257.0","+26.0"
"232","Chris Hogan","NE","WR81","9","154","268","220.5","30.4","243.0","+11.0"
"233","Wendell Smallwood","PHI","RB72","10","146","268","219.8","35.1","233.0","0.0"
"234","Curtis Samuel","CAR","WR82","11","134","271","218.6","28.4","225.0","-9.0"
"235","Brandon LaFell","CIN","WR83","6","123","282","223.5","36.5","235.0","0.0"
"236","Dustin Hopkins","WAS","K10","5","154","296","215.6","31.8","231.0","-5.0"
"237","Ryan Mathews","FA","RB73","","140","272","211.4","33.6","259.0","+22.0"
"238","Tyler Boyd","CIN","WR84","6","135","272","225.9","32.0","267.0","+29.0"
"239","Oakland Raiders","","DST16","10","146","272","212.0","25.0","204.0","-35.0"
"240","Terrance Williams","DAL","WR85","6","147","303","226.6","38.3","275.0","+35.0"
"241","Trevor Siemian","DEN","QB28","5","134","292","221.0","30.5","287.0","+46.0"
"242","Chris Ivory","JAC","RB74","8","135","259","220.0","31.2","250.0","+8.0"
"243","Sebastian Janikowski","OAK","K11","10","150","289","214.4","23.1","185.0","-58.0"
"244","Chandler Catanzaro","NYJ","K12","11","134","305","213.5","42.2","187.0","-57.0"
"245","Will Lutz","NO","K13","5","152","296","220.8","28.5","183.0","-62.0"
"246","ArDarius Stewart","NYJ","WR86","11","162","283","220.9","31.8","",""
"247","Brandon McManus","DEN","K14","5","145","291","215.6","26.4","211.0","-36.0"
"248","Jared Goff","LAR","QB29","8","140","313","225.5","30.2","316.0","+68.0"
"249","Chris Boswell","PIT","K15","9","155","295","226.0","28.2","190.0","-59.0"
"250","Eli Rogers","PIT","WR87","9","136","323","230.7","33.0","334.0","+84.0"
"251","Mike Glennon","CHI","QB30","9","146","346","228.9","32.6","",""
"252","Laquon Treadwell","MIN","WR88","9","157","273","228.7","30.9","245.0","-7.0"
"253","New York Jets","","DST17","11","139","332","220.8","48.3","277.0","+24.0"
"254","Zach Zenner","DET","RB75","7","151","269","229.0","30.4","228.0","-26.0"
"255","Alfred Morris","DAL","RB76","6","144","303","227.7","42.9","189.0","-66.0"
"256","De'Angelo Henderson","DEN","RB77","5","139","284","207.5","48.3","234.0","-22.0"
"257","Green Bay Packers","","DST18","8","151","282","218.0","22.7","215.0","-42.0"
"258","Jaron Brown","ARI","WR89","8","137","297","205.9","47.3","",""
"259","Tyler Higbee","LAR","TE30","8","149","291","227.3","30.1","",""
"260","Benjamin Watson","BAL","TE31","10","163","277","218.8","31.2","350.0","+90.0"
"261","Vance McDonald","SF","TE32","11","129","282","226.7","32.9","223.0","-38.0"
"262","Kyle Juszczyk","SF","RB78","11","163","295","218.1","42.4","274.0","+12.0"
"263","Braxton Miller","HOU","WR90","7","140","325","234.8","40.9","284.0","+21.0"
"264","Graham Gano","CAR","K16","11","148","294","223.8","26.3","158.0","-106.0"
"265","Jeremy McNichols","TB","RB79","11","145","278","226.5","29.7","236.0","-29.0"
"266","Wayne Gallman","NYG","RB80","8","178","299","230.3","31.8","307.0","+41.0"
"267","Los Angeles Chargers","","DST19","9","163","287","222.6","25.2","260.0","-7.0"
"268","Michael Floyd","MIN","WR91","9","150","322","240.1","35.2","312.0","+44.0"
"269","JuJu Smith-Schuster","PIT","WR92","9","126","270","236.6","33.7","276.0","+7.0"
"270","Travis Benjamin","LAC","WR93","9","154","329","236.7","32.2","323.0","+53.0"
"271","Caleb Sturgis","PHI","K17","10","158","299","232.3","32.7","258.0","-13.0"
"272","Jeremy Langford","CHI","RB81","9","172","298","241.6","29.4","261.0","-11.0"
"273","Tom Savage","HOU","QB31","7","135","341","246.0","43.6","",""
"274","Buffalo Bills","","DST20","6","156","275","228.7","27.5","255.0","-19.0"
"275","Orleans Darkwa","NYG","RB82","8","162","273","209.7","33.9","",""
"276","Tampa Bay Buccaneers","","DST21","11","152","271","227.1","23.7","229.0","-47.0"
"277","Atlanta Falcons","","DST22","5","178","267","227.0","25.0","203.0","-74.0"
"278","Elijah Hood","OAK","RB83","10","126","329","241.6","46.7","293.0","+15.0"
"279","Dontrelle Inman","LAC","WR94","9","117","344","257.2","44.3","332.0","+53.0"
"280","Kendall Wright","CHI","WR95","9","157","283","231.0","23.0","",""
"281","Aaron Jones","GB","RB84","8","167","311","236.7","34.7","239.0","-42.0"
"282","Dion Sims","CHI","TE33","9","167","301","236.5","43.4","",""
"283","Josh Gordon","CLE","WR96","9","159","307","241.1","40.8","238.0","-45.0"
"284","A.J. Derby","DEN","TE34","5","141","313","241.6","38.6","",""
"285","Josh McCown","NYJ","QB32","11","158","295","239.1","27.7","",""
"286","Tennessee Titans","","DST23","8","165","286","239.7","38.9","271.0","-15.0"
"287","Vernon Davis","WAS","TE35","5","168","338","240.6","38.7","339.0","+52.0"
"288","Clive Walford","OAK","TE36","10","144","380","271.5","84.1","",""
"289","Kenyan Drake","MIA","RB85","11","170","323","237.4","32.1","224.0","-65.0"
"290","Marquise Goodwin","SF","WR97","11","182","350","239.5","45.9","333.0","+43.0"
"291","Dallas Cowboys","","DST24","6","166","327","240.3","44.2","219.0","-72.0"
"292","Ladarius Green","FA","TE37","","171","301","237.1","36.8","281.0","-11.0"
"293","Detroit Lions","","DST25","7","159","338","242.5","42.4","286.0","-7.0"
"294","Wendall Williams","HOU","WR98","7","157","288","222.5","65.5","",""
"295","Jeremy Kerley","SF","WR99","11","162","340","238.0","32.4","342.0","+47.0"
"296","Mike Nugent","NYG","K18","8","160","351","247.8","49.3","",""
"297","DeShone Kizer","CLE","QB33","9","159","356","246.1","39.8","337.0","+40.0"
"298","Paxton Lynch","DEN","QB34","5","161","343","260.3","53.8","329.0","+31.0"
"299","Roberto Aguayo","CHI","K19","9","162","391","254.4","64.6","289.0","-10.0"
"300","Seth Roberts","OAK","WR100","10","177","343","252.0","40.1","348.0","+48.0"
"301","Donnel Pumphrey","PHI","RB86","10","171","321","246.0","31.4","269.0","-32.0"
"302","Javorius Allen","BAL","RB87","10","165","370","261.4","55.9","313.0","+11.0"
"303","Mitch Trubisky","CHI","QB35","9","166","339","261.5","39.8","266.0","-37.0"
"304","Branden Oliver","LAC","RB88","9","180","312","244.5","35.0","317.0","+13.0"
"305","Jermaine Gresham","ARI","TE38","8","172","294","239.0","25.7","",""
"306","Aldrick Robinson","SF","WR101","11","170","265","248.8","30.5","",""
"307","Dwayne Washington","DET","RB89","7","182","358","250.4","52.5","",""
"308","Erik Swoope","IND","TE39","11","172","284","236.0","26.5","301.0","-7.0"
"309","Gerald Everett","LAR","TE40","8","174","264","226.7","25.3","",""
"310","Jimmy Garoppolo","NE","QB36","9","175","344","264.2","46.5","343.0","+33.0"
"311","Cody Kessler","CLE","QB37","9","178","317","248.8","29.2","328.0","+17.0"
"312","Chris Johnson","ARI","RB90","8","179","381","249.4","56.5","",""
"313","Charone Peake","NYJ","WR102","11","180","285","241.3","30.4","",""
"314","DeAngelo Williams","FA","RB91","","181","322","250.3","42.2","218.0","-96.0"
"315","Tarik Cohen","CHI","RB92","9","182","344","259.3","49.3","",""
"316","Charcandrick West","KC","RB93","10","182","327","266.2","39.4","320.0","+4.0"
"317","Alfred Blue","HOU","RB94","7","184","259","225.5","34.0","352.0","+35.0"
"318","Nick Folk","TB","K20","11","185","306","263.2","43.4","",""
"319","Matt Jones","WAS","RB95","5","186","360","262.1","39.1","318.0","-1.0"
"320","Will Tye","NYG","TE41","8","187","381","286.3","61.1","",""
"321","Tajae Sharpe","TEN","WR103","8","190","299","251.5","26.1","282.0","-39.0"
"322","Phil Dawson","ARI","K21","8","190","295","249.4","29.2","283.0","-39.0"
"323","Blair Walsh","SEA","K22","6","191","320","234.5","27.5","227.0","-96.0"
"324","Rashad Jennings","FA","RB96","","195","374","267.3","64.8","",""
"325","Nick Novak","HOU","K23","7","195","313","241.3","31.9","265.0","-60.0"
"326","Lance Kendricks","GB","TE42","8","192","337","270.5","47.2","",""
"327","Josh Lambo","LAC","K24","9","196","314","248.7","35.5","295.0","-32.0"
"328","Kenneth Farrow","LAC","RB97","9","194","346","275.5","65.0","",""
"329","Markus Wheaton","CHI","WR104","9","195","324","260.9","36.8","",""
"330","Chester Rogers","IND","WR105","11","196","361","253.3","65.6","",""
"331","Carlos Henderson","DEN","WR106","5","196","339","261.4","41.9","237.0","-94.0"
"332","Miami Dolphins","","DST26","11","196","321","241.5","23.9","262.0","-70.0"
"333","Lance Dunbar","LAR","RB98","8","197","319","260.2","28.2","",""
"334","Chris Godwin","TB","WR107","11","198","343","252.2","39.7","256.0","-78.0"
"335","Kamar Aiken","IND","WR108","11","200","345","252.6","26.8","290.0","-45.0"
"336","Ryan Succop","TEN","K25","8","200","330","260.6","52.6","302.0","-34.0"
"337","Matt Moore","MIA","QB38","11","200","303","248.7","42.2","",""
"338","Albert Wilson","KC","WR109","10","200","300","260.4","23.1","",""
"339","Matt Breida","SF","RB99","11","201","299","241.7","41.7","",""
"340","Phillip Dorsett","IND","WR110","11","203","335","252.1","33.3","324.0","-16.0"
"341","Kerwynn Williams","ARI","RB100","8","204","353","259.0","50.1","303.0","-38.0"
"342","Larry Donnell","BAL","TE43","10","206","315","260.5","54.5","",""
"343","Andre Ellington","ARI","RB101","8","208","356","261.3","37.3","308.0","-35.0"
"344","Chicago Bears","","DST27","9","208","348","262.0","49.2","288.0","-56.0"
"345","Taywan Taylor","TEN","WR111","8","209","349","267.1","40.0","",""
"346","Seth DeValve","CLE","TE44","9","211","376","259.1","50.8","",""
"347","Dorial Green-Beckham","FA","WR112","","211","366","277.0","60.3","",""
"348","Damien Williams","MIA","RB102","11","211","355","264.9","42.8","296.0","-52.0"
"349","Elijah McGuire","NYJ","RB103","11","211","248","229.5","18.5","",""
"350","Leonte Carroo","MIA","WR113","11","212","377","274.4","65.0","",""
"351","Robert Griffin","FA","QB39","","212","331","268.3","48.8","",""
"352","Patrick Mahomes","KC","QB40","10","212","318","271.3","44.2","327.0","-25.0"
"353","Andre Holmes","BUF","WR114","6","212","314","266.7","30.5","",""
"354","Aldrick Rosas","NYG","K26","8","213","390","301.0","72.3","300.0","-54.0"
"355","Washington Redskins","","DST28","5","213","357","263.0","49.3","268.0","-87.0"
"356","Kapri Bibbs","SF","RB104","11","213","357","285.0","72.0","",""
"357","Chris Carson","SEA","RB105","6","213","220","216.5","3.5","",""
"358","Brock Osweiler","CLE","QB41","9","214","372","268.6","50.8","325.0","-33.0"
"359","Jordan Leggett","NYJ","TE45","11","214","354","286.2","50.8","",""
"360","George Kittle","SF","TE46","11","216","371","273.6","56.2","355.0","-5.0"
"361","Chad Williams","ARI","WR115","8","216","316","252.7","31.6","",""
"362","Maxx Williams","BAL","TE47","10","217","320","261.5","42.8","",""
"363","Brian Quick","WAS","WR116","5","218","347","268.7","43.9","",""
"364","Sammie Coates","PIT","WR117","9","219","308","253.7","24.9","",""
"365","Vincent Jackson","FA","WR118","","220","296","265.5","28.2","",""
"366","Corey Grant","JAC","RB106","8","221","346","283.5","62.5","",""
"367","Jaelen Strong","HOU","WR119","7","222","359","253.1","41.8","",""
"368","Cameron Artis-Payne","CAR","RB107","11","225","348","267.1","46.9","340.0","-28.0"
"369","Josh Reynolds","LAR","WR120","8","225","275","252.0","18.8","",""
"370","Bruce Ellington","HOU","WR121","7","226","352","267.0","42.3","",""
"371","Adam Shaheen","CHI","TE48","9","227","365","292.3","61.4","",""
"372","Cleveland Browns","","DST29","9","227","280","262.0","24.8","292.0","-80.0"
"373","Jake Butt","DEN","TE49","5","228","366","313.0","57.0","",""
"374","New Orleans Saints","","DST30","5","232","374","273.6","54.6","297.0","-77.0"
"375","Dede Westbrook","JAC","WR122","8","233","376","272.7","49.7","",""
"376","Indianapolis Colts","","DST31","11","234","362","300.0","52.3","315.0","-61.0"
"377","Malcolm Brown","LAR","RB108","8","235","317","270.0","25.5","",""
"378","San Francisco 49ers","","DST32","11","235","263","249.0","14.0","273.0","-105.0"
"379","Josh Brown","FA","K27","","236","386","323.7","63.8","",""
"380","Nick Boyle","BAL","TE50","10","236","380","308.0","72.0","",""
"381","Ryan Griffin","HOU","TE51","7","237","372","288.3","50.8","",""
"382","Pharoh Cooper","LAR","WR123","8","237","335","286.0","49.0","",""
"383","Brandon Coleman","NO","WR124","5","238","341","277.2","42.2","264.0","-119.0"
"384","Jermaine Kearse","SEA","WR125","6","238","318","277.7","25.1","305.0","-79.0"
"385","Gary Barnidge","FA","TE52","","239","379","292.3","55.0","",""
"386","Demarcus Robinson","KC","WR126","10","239","290","266.0","19.6","",""
"387","Dan Carpenter","FA","K28","","240","387","326.7","62.8","",""
"388","Adam Humphries","TB","WR127","11","240","369","311.6","44.4","344.0","-44.0"
"389","Ryan Switzer","DAL","WR128","6","240","369","314.0","50.8","304.0","-85.0"
"390","Teddy Bridgewater","MIN","QB42","9","242","360","288.0","46.4","309.0","-81.0"
"391","James Starks","FA","RB109","","245","321","283.0","38.0","331.0","-60.0"
"392","Josh Hill","NO","TE53","5","246","367","293.3","44.8","",""
"393","Kai Forbath","MIN","K29","9","251","363","291.0","51.0","251.0","-142.0"
"394","Rashard Higgins","CLE","WR129","9","252","358","301.8","50.0","",""
"395","Marcedes Lewis","JAC","TE54","8","252","333","292.5","40.5","",""
"396","Victor Cruz","CHI","WR130","9","254","371","297.8","44.9","278.0","-118.0"
"397","Xavier Grimble","PIT","TE55","9","255","382","304.7","55.4","",""
"398","Geronimo Allison","GB","WR131","8","255","256","255.5","0.5","263.0","-135.0"
"399","Colin Kaepernick","FA","QB43","","256","373","303.5","45.9","326.0","-73.0"
"400","Jake Elliott","CIN","K30","6","257","385","305.7","56.6","291.0","-109.0"
"401","Michael Campanaro","BAL","WR132","10","257","375","303.0","51.6","",""
"402","Chad Hansen","NYJ","WR133","11","257","361","319.3","44.9","",""
"403","Harrison Butker","CAR","K31","11","258","389","323.5","65.5","",""
"404","Cordarrelle Patterson","OAK","WR134","10","258","375","310.3","44.0","347.0","-57.0"
"405","Andrew Franks","MIA","K32","11","260","392","330.3","54.2","338.0","-67.0"
"406","Shaun Draughn","NYG","RB110","8","260","378","327.0","42.5","341.0","-65.0"
"407","Greg Zuerlein","LAR","K33","8","261","393","321.0","48.7","336.0","-71.0"
"408","Richard Rodgers","GB","TE56","8","261","365","313.0","52.0","270.0","-138.0"
"409","Jason Myers","JAC","K34","8","262","354","310.3","37.7","322.0","-87.0"
"410","Connor Barth","CHI","K35","9","264","395","329.5","65.5","",""
"411","Ronnie Hillman","DAL","RB111","6","264","388","326.0","62.0","",""
"412","Zane Gonzalez","CLE","K36","9","266","394","313.7","57.1","294.0","-118.0"
"413","Kenjon Barner","LAC","RB112","9","266","385","319.7","49.3","321.0","-92.0"
"414","Robbie Gould","SF","K37","11","267","384","317.3","49.1","310.0","-104.0"
"415","Fitzgerald Toussaint","PIT","RB113","9","268","384","301.8","47.9","",""
"416","Matt Dayes","FA","RB114","","270","382","339.7","49.6","",""
"417","Amara Darboh","SEA","WR135","6","273","386","331.5","47.6","",""
"418","Benny Cunningham","CHI","RB115","9","274","328","292.0","20.1","",""
"419","Virgil Green","DEN","TE57","5","283","335","307.0","22.4","346.0","-73.0"
"420","Trey Burton","PHI","TE58","10","286","383","334.5","48.5","",""
"421","Matt Barkley","SF","QB44","11","298","378","338.0","40.0","311.0","-110.0"
"422","Luke Willson","SEA","TE59","6","309","338","323.5","14.5","319.0","-103.0"
"423","Philly Brown","BUF","WR136","6","326","329","327.5","1.5","",""
"424","T.J. Logan","ARI","RB116","8","345","362","353.5","8.5","353.0","-71.0"